{"trash12.jpg12796":{"filename":"trash12.jpg","size":12796,"regions":[{"shape_attributes":{"name":"polygon","all_points_x":[165,183,206,234,260,325,404,423,421,442,389,346,342,244,161,166],"all_points_y":[285,256,240,188,160,104,76,94,107,134,180,225,296,352,287,280]},"region_attributes":{"name":"trash","type":"unknown","image_quality":{"good":true,"frontal":true,"good_illumination":true}}}],"file_attributes":{"caption":"","public_domain":"no","image_url":""}},"trash13.jpg13009":{"filename":"trash13.jpg","size":13009,"regions":[{"shape_attributes":{"name":"polygon","all_points_x":[373,378,394,397,407,413,391,366,328,330,331,350,358,366,385,394,390,386,386,382,372,362,364,354,350,338,322,313,311,140,176,208,220,246,267,281,287,263,250,236,228,217,214,220,208,198,198,171,148,130,178,186,189,210,213,207,222,240,254,262,279,281,314,330,366,376],"all_points_y":[318,309,299,291,288,260,223,198,180,177,168,153,157,150,144,129,119,110,84,78,70,58,47,43,35,25,17,6,0,0,10,19,16,32,64,78,81,110,136,132,144,144,153,164,176,171,179,168,174,172,201,211,232,248,257,261,280,280,275,291,299,319,328,333,332,314]},"region_attributes":{"name":"trash","type":"unknown","image_quality":{"good":true,"frontal":true,"good_illumination":true}}}],"file_attributes":{"caption":"","public_domain":"no","image_url":""}},"trash15.jpg13306":{"filename":"trash15.jpg","size":13306,"regions":[{"shape_attributes":{"name":"polygon","all_points_x":[164,161,158,162,163,157,158,178,234,287,356,375,376,377,381,330,314,258,230,183,162,162],"all_points_y":[264,232,203,180,155,149,103,103,105,108,96,82,160,208,277,252,244,255,260,272,272,256]},"region_attributes":{"name":"trash","type":"unknown","image_quality":{"good":true,"frontal":true,"good_illumination":true}}}],"file_attributes":{"caption":"","public_domain":"no","image_url":""}},"trash16.jpg15885":{"filename":"trash16.jpg","size":15885,"regions":[{"shape_attributes":{"name":"polygon","all_points_x":[63,75,82,95,127,132,140,155,166,163,175,187,365,371,499,506,498,509,501,511,510,62],"all_points_y":[380,373,330,311,296,226,133,91,57,30,22,0,0,20,4,16,35,52,73,80,381,380]},"region_attributes":{"name":"trash","type":"unknown","image_quality":{"good":true,"frontal":true,"good_illumination":true}}}],"file_attributes":{"caption":"","public_domain":"no","image_url":""}}}
