{"trash1.jpg16718":{"filename":"trash1.jpg","size":16718,"regions":[{"shape_attributes":{"name":"polygon","all_points_x":[190,163,166,198,194,195,190,212,220,237,250,289,323,354,431,390,259,238,208,186],"all_points_y":[231,174,118,98,75,60,48,38,52,66,71,63,72,129,256,290,352,331,273,224]},"region_attributes":{"name":"trash","type":"unknown","image_quality":{"good":true,"frontal":true,"good_illumination":true}}}],"file_attributes":{"caption":"","public_domain":"no","image_url":""}},"trash2.jpg10587":{"filename":"trash2.jpg","size":10587,"regions":[{"shape_attributes":{"name":"polygon","all_points_x":[148,161,176,184,415,427,426,412,253,170,170,162,152,145,150],"all_points_y":[152,96,82,87,125,167,213,259,268,272,276,278,255,208,146]},"region_attributes":{"name":"trash","type":"unknown","image_quality":{"good":true,"frontal":true,"good_illumination":true}}}],"file_attributes":{"caption":"","public_domain":"no","image_url":""}},"trash4.jpg12417":{"filename":"trash4.jpg","size":12417,"regions":[{"shape_attributes":{"name":"polygon","all_points_x":[158,173,151,157,137,76,65,73,107,110,220,364,397,428,454,454,446,432,443,449,157,158],"all_points_y":[372,347,302,269,228,208,186,160,130,66,109,148,190,203,229,248,297,318,361,384,383,370]},"region_attributes":{"name":"trash","type":"unknown","image_quality":{"good":true,"frontal":true,"good_illumination":true}}}],"file_attributes":{"caption":"","public_domain":"no","image_url":""}},"trash5.jpg18236":{"filename":"trash5.jpg","size":18236,"regions":[{"shape_attributes":{"name":"polygon","all_points_x":[52,302,317,318,327,344,362,398,411,421,442,194,183,134,66,50],"all_points_y":[161,2,24,52,82,94,86,115,154,180,201,369,349,271,182,162]},"region_attributes":{"name":"trash","type":"unknown","image_quality":{"good":true,"frontal":true,"good_illumination":true}}}],"file_attributes":{"caption":"","public_domain":"no","image_url":""}},"trash6.jpg10534":{"filename":"trash6.jpg","size":10534,"regions":[{"shape_attributes":{"name":"polygon","all_points_x":[257,410,404,384,305,295,276,272,198,184,171,178,146,159,174,218,234,257],"all_points_y":[313,307,270,120,120,97,108,70,101,148,160,162,188,202,218,284,303,313]},"region_attributes":{"name":"trash","type":"unknown","image_quality":{"good":true,"frontal":true,"good_illumination":true}}}],"file_attributes":{"caption":"","public_domain":"no","image_url":""}},"trash7.jpg8011":{"filename":"trash7.jpg","size":8011,"regions":[{"shape_attributes":{"name":"polygon","all_points_x":[215,226,227,242,254,275,314,320,322,344,354,352,330,278,272,254,242,220,213,218],"all_points_y":[168,168,146,140,141,147,144,152,168,172,188,223,248,260,258,265,212,193,166,170]},"region_attributes":{"name":"trash","type":"unknown","image_quality":{"good":true,"frontal":true,"good_illumination":true}}}],"file_attributes":{"caption":"","public_domain":"no","image_url":""}},"trash8.jpg16946":{"filename":"trash8.jpg","size":16946,"regions":[{"shape_attributes":{"name":"polygon","all_points_x":[92,114,102,105,94,86,73,79,79,144,191,206,207,216,222,238,275,310,339,338,369,391,423,431,445,451,487,486,480,470,469,454,438,439,400,333,308,237,191,170,146,108,97,99,93,90,90],"all_points_y":[258,252,223,189,184,153,130,104,77,108,143,112,98,87,70,67,74,86,107,113,92,79,73,78,93,109,135,164,173,197,211,216,214,228,284,318,327,337,334,344,330,319,305,296,296,281,256]},"region_attributes":{"name":"trash","type":"unknown","image_quality":{"good":true,"frontal":true,"good_illumination":true}}}],"file_attributes":{"caption":"","public_domain":"no","image_url":""}},"trash9.jpg13571":{"filename":"trash9.jpg","size":13571,"regions":[{"shape_attributes":{"name":"polygon","all_points_x":[309,363,379,391,378,393,342,254,250,240,239,208,163,150,138,138,133,158,166,175,183,208,215,236,260,290,311],"all_points_y":[260,239,233,224,204,203,71,88,100,107,124,129,152,136,141,151,174,271,287,261,254,252,259,261,268,268,259]},"region_attributes":{"name":"trash","type":"unknown","image_quality":{"good":true,"frontal":true,"good_illumination":true}}}],"file_attributes":{"caption":"","public_domain":"no","image_url":""}},"trash10.jpg11752":{"filename":"trash10.jpg","size":11752,"regions":[{"shape_attributes":{"name":"polygon","all_points_x":[159,166,175,191,202,264,314,310,296,294,281,270,243,238,230,225,166,158],"all_points_y":[277,236,206,71,53,64,79,103,108,192,213,239,252,265,270,292,288,276]},"region_attributes":{"name":"trash","type":"unknown","image_quality":{"good":true,"frontal":true,"good_illumination":true}}}],"file_attributes":{"caption":"","public_domain":"no","image_url":""}},"trash12.jpg12796":{"filename":"trash12.jpg","size":12796,"regions":[{"shape_attributes":{"name":"polygon","all_points_x":[165,183,206,234,260,325,404,423,421,442,389,346,342,244,161,166],"all_points_y":[285,256,240,188,160,104,76,94,107,134,180,225,296,352,287,280]},"region_attributes":{"name":"trash","type":"unknown","image_quality":{"good":true,"frontal":true,"good_illumination":true}}}],"file_attributes":{"caption":"","public_domain":"no","image_url":""}},"trash13.jpg13009":{"filename":"trash13.jpg","size":13009,"regions":[{"shape_attributes":{"name":"polygon","all_points_x":[373,378,394,397,407,413,391,366,328,330,331,350,358,366,385,394,390,386,386,382,372,362,364,354,350,338,322,313,311,140,176,208,220,246,267,281,287,263,250,236,228,217,214,220,208,198,198,171,148,130,178,186,189,210,213,207,222,240,254,262,279,281,314,330,366,376],"all_points_y":[318,309,299,291,288,260,223,198,180,177,168,153,157,150,144,129,119,110,84,78,70,58,47,43,35,25,17,6,0,0,10,19,16,32,64,78,81,110,136,132,144,144,153,164,176,171,179,168,174,172,201,211,232,248,257,261,280,280,275,291,299,319,328,333,332,314]},"region_attributes":{"name":"trash","type":"unknown","image_quality":{"good":true,"frontal":true,"good_illumination":true}}}],"file_attributes":{"caption":"","public_domain":"no","image_url":""}},"trash15.jpg13306":{"filename":"trash15.jpg","size":13306,"regions":[{"shape_attributes":{"name":"polygon","all_points_x":[164,161,158,162,163,157,158,178,234,287,356,375,376,377,381,330,314,258,230,183,162,162],"all_points_y":[264,232,203,180,155,149,103,103,105,108,96,82,160,208,277,252,244,255,260,272,272,256]},"region_attributes":{"name":"trash","type":"unknown","image_quality":{"good":true,"frontal":true,"good_illumination":true}}}],"file_attributes":{"caption":"","public_domain":"no","image_url":""}},"trash16.jpg15885":{"filename":"trash16.jpg","size":15885,"regions":[{"shape_attributes":{"name":"polygon","all_points_x":[63,75,82,95,127,132,140,155,166,163,175,187,365,371,499,506,498,509,501,511,510,62],"all_points_y":[380,373,330,311,296,226,133,91,57,30,22,0,0,20,4,16,35,52,73,80,381,380]},"region_attributes":{"name":"trash","type":"unknown","image_quality":{"good":true,"frontal":true,"good_illumination":true}}}],"file_attributes":{"caption":"","public_domain":"no","image_url":""}},"trash17.jpg21130":{"filename":"trash17.jpg","size":21130,"regions":[{"shape_attributes":{"name":"polygon","all_points_x":[454,454,447,447,456,450,450,438,434,447,456,449,428,402,426,420,350,337,336,322,307,294,269,252,245,234,225,217,206,189,177,160,154,148,146,143,131,126,122,117,96,78,40,17,0,2,454,453],"all_points_y":[380,355,348,335,322,298,261,240,219,212,158,140,128,110,87,80,74,68,53,34,35,29,48,59,59,57,58,47,47,53,52,52,64,64,79,92,95,112,126,155,172,171,177,179,172,384,383,379]},"region_attributes":{"name":"trash","type":"unknown","image_quality":{"good":true,"frontal":true,"good_illumination":true}}}],"file_attributes":{"caption":"","public_domain":"no","image_url":""}},"trash18.jpg21319":{"filename":"trash18.jpg","size":21319,"regions":[{"shape_attributes":{"name":"polygon","all_points_x":[361,361,346,380,403,458,478,494,1,2,361],"all_points_y":[0,60,56,99,187,286,346,383,382,4,3]},"region_attributes":{"name":"trash","type":"unknown","image_quality":{"good":true,"frontal":true,"good_illumination":true}}}],"file_attributes":{"caption":"","public_domain":"no","image_url":""}},"trash19.jpg12652":{"filename":"trash19.jpg","size":12652,"regions":[{"shape_attributes":{"name":"polygon","all_points_x":[245,269,269,294,304,318,321,338,380,390,374,338,320,299,294,290,281,302,309,285,268,255,253,246,238,204,197,199,201,230,254,266,263,247,241,229,221,208,198,193,190,203,220,240,244],"all_points_y":[307,282,272,244,218,176,163,157,116,100,86,64,95,132,168,144,130,77,61,80,88,87,77,76,72,124,152,180,183,188,194,198,213,217,228,239,239,234,242,248,258,272,285,297,308]},"region_attributes":{"name":"trash","type":"unknown","image_quality":{"good":true,"frontal":true,"good_illumination":true}}}],"file_attributes":{"caption":"","public_domain":"no","image_url":""}},"trash20.jpg13769":{"filename":"trash20.jpg","size":13769,"regions":[{"shape_attributes":{"name":"polygon","all_points_x":[98,141,148,196,197,181,167,176,197,210,226,226,225,226,252,261,272,282,308,350,380,422,428,433,486,508,510,96],"all_points_y":[383,357,349,328,316,310,288,246,164,159,136,127,112,97,80,84,68,59,103,121,109,144,173,188,204,176,384,383]},"region_attributes":{"name":"trash","type":"unknown","image_quality":{"good":true,"frontal":true,"good_illumination":true}}}],"file_attributes":{"caption":"","public_domain":"no","image_url":""}},"trash21.jpg13738":{"filename":"trash21.jpg","size":13738,"regions":[{"shape_attributes":{"name":"polygon","all_points_x":[311,354,383,401,405,398,402,402,391,376,362,352,301,198,168,125,90,75,107,102,104,108,102,118,146,207,247,242,270,293,306,314],"all_points_y":[191,198,193,187,180,159,144,114,104,87,102,110,104,101,99,97,80,112,126,144,164,171,178,203,222,236,236,231,232,224,202,189]},"region_attributes":{"name":"trash","type":"unknown","image_quality":{"good":true,"frontal":true,"good_illumination":true}}}],"file_attributes":{"caption":"","public_domain":"no","image_url":""}},"trash22.jpg11043":{"filename":"trash22.jpg","size":11043,"regions":[{"shape_attributes":{"name":"polygon","all_points_x":[286,287,314,322,339,354,305,261,247,238,229,206,202,207,198,233,242,235,249,252,263,286],"all_points_y":[273,216,184,144,136,64,58,52,80,126,151,188,236,251,292,300,299,283,284,291,280,275]},"region_attributes":{"name":"trash","type":"unknown","image_quality":{"good":true,"frontal":true,"good_illumination":true}}}],"file_attributes":{"caption":"","public_domain":"no","image_url":""}},"trash23.jpg14208":{"filename":"trash23.jpg","size":14208,"regions":[{"shape_attributes":{"name":"polygon","all_points_x":[218,242,258,314,330,346,411,439,458,458,481,451,459,419,413,399,374,353,331,307,306,290,279,265,254,172,175,174,195,168,161,133,116,107,105,92,94,97,87,91,112,148,220],"all_points_y":[284,278,288,328,326,333,312,286,250,230,212,167,166,119,111,112,83,83,85,58,46,44,31,29,11,35,70,96,137,124,130,84,59,43,85,67,98,104,164,176,193,234,285]},"region_attributes":{"name":"trash","type":"unknown","image_quality":{"good":true,"frontal":true,"good_illumination":true}}}],"file_attributes":{"caption":"","public_domain":"no","image_url":""}},"trash24.jpg10933":{"filename":"trash24.jpg","size":10933,"regions":[{"shape_attributes":{"name":"polygon","all_points_x":[138,161,162,219,230,238,223,206,201,209,334,344,365,382,384,406,419,480,509,510,236,136],"all_points_y":[287,253,239,201,178,152,133,130,116,97,24,19,60,105,146,175,210,314,352,384,384,283]},"region_attributes":{"name":"trash","type":"unknown","image_quality":{"good":true,"frontal":true,"good_illumination":true}}}],"file_attributes":{"caption":"","public_domain":"no","image_url":""}},"trash25.jpg15099":{"filename":"trash25.jpg","size":15099,"regions":[{"shape_attributes":{"name":"polygon","all_points_x":[182,178,183,191,214,228,217,208,218,271,282,327,359,351,342,338,339,342,339,180],"all_points_y":[364,309,258,153,81,67,49,40,28,7,1,0,12,219,236,250,261,292,379,366]},"region_attributes":{"name":"trash","type":"unknown","image_quality":{"good":true,"frontal":true,"good_illumination":true}}}],"file_attributes":{"caption":"","public_domain":"no","image_url":""}},"trash26.jpg9412":{"filename":"trash26.jpg","size":9412,"regions":[{"shape_attributes":{"name":"polygon","all_points_x":[193,197,197,197,194,240,250,262,265,289,289,299,305,314,317,343,353,354,367,410,410,418,415,410,375,346,320,299,262,221,191],"all_points_y":[244,230,215,196,194,119,117,123,134,145,152,150,152,152,164,184,180,189,196,192,190,193,237,253,316,329,292,294,259,246,246]},"region_attributes":{"name":"trash","type":"unknown","image_quality":{"good":true,"frontal":true,"good_illumination":true}}}],"file_attributes":{"caption":"","public_domain":"no","image_url":""}},"trash27.jpg11130":{"filename":"trash27.jpg","size":11130,"regions":[{"shape_attributes":{"name":"polygon","all_points_x":[120,121,129,122,154,168,182,188,185,192,198,231,232,266,284,338,350,371,390,430,439,443,400,300,234,154,135,118],"all_points_y":[249,228,219,208,214,202,201,191,179,175,165,160,168,184,201,227,214,204,177,158,198,220,232,256,257,261,261,247]},"region_attributes":{"name":"trash","type":"unknown","image_quality":{"good":true,"frontal":true,"good_illumination":true}}}],"file_attributes":{"caption":"","public_domain":"no","image_url":""}},"trash28.jpg18783":{"filename":"trash28.jpg","size":18783,"regions":[{"shape_attributes":{"name":"polygon","all_points_x":[112,146,186,240,252,262,264,317,357,376,375,386,418,351,222,219,217,227,216,219,203,190,158,150,111],"all_points_y":[172,136,92,56,67,72,68,101,160,200,208,216,274,318,364,358,350,320,253,235,234,202,199,199,171]},"region_attributes":{"name":"trash","type":"unknown","image_quality":{"good":true,"frontal":true,"good_illumination":true}}}],"file_attributes":{"caption":"","public_domain":"no","image_url":""}},"trash29.jpg10085":{"filename":"trash29.jpg","size":10085,"regions":[{"shape_attributes":{"name":"polygon","all_points_x":[45,62,52,58,70,94,153,247,410,425,453,498,482,438,426,411,384,366,284,170,45],"all_points_y":[238,203,195,168,148,160,23,61,123,132,145,144,196,211,225,229,266,287,311,288,237]},"region_attributes":{"name":"trash","type":"unknown","image_quality":{"good":true,"frontal":true,"good_illumination":true}}}],"file_attributes":{"caption":"","public_domain":"no","image_url":""}},"trash30.jpg12398":{"filename":"trash30.jpg","size":12398,"regions":[{"shape_attributes":{"name":"polygon","all_points_x":[301,287,283,288,286,264,240,213,200,182,176,178,188,190,174,165,164,158,166,152,146,148,218,225,238,247,257,280,236,230,231,230,228,233,322,340,346,370,385,405,422,428,425,441,433,453,427,426,421,437,426,414,405,403,390,374,371,367,361,352,352,354,349,334,307,299],"all_points_y":[312,280,250,228,212,212,227,230,230,204,145,135,134,128,110,88,80,72,50,36,21,0,0,12,12,6,0,1,68,66,92,99,129,148,162,160,141,117,101,78,69,57,80,112,125,150,185,213,215,228,267,280,288,304,309,312,300,300,300,300,311,315,321,321,320,310]},"region_attributes":{"name":"trash","type":"unknown","image_quality":{"good":true,"frontal":true,"good_illumination":true}}}],"file_attributes":{"caption":"","public_domain":"no","image_url":""}},"trash31.jpg13252":{"filename":"trash31.jpg","size":13252,"regions":[{"shape_attributes":{"name":"polygon","all_points_x":[96,103,92,109,129,155,266,278,296,311,327,374,394,427,443,443,428,432,425,433,402,394,351,346,288,234,231,202,160,141,135,140,141,168,192,196,192,190,178,155,151,98],"all_points_y":[164,144,142,125,77,70,64,68,88,91,92,96,108,147,178,208,251,261,259,293,290,293,296,304,304,252,261,256,265,232,233,217,204,175,160,156,148,145,144,147,154,166]},"region_attributes":{"name":"trash","type":"unknown","image_quality":{"good":true,"frontal":true,"good_illumination":true}}}],"file_attributes":{"caption":"","public_domain":"no","image_url":""}},"trash32.jpg11164":{"filename":"trash32.jpg","size":11164,"regions":[{"shape_attributes":{"name":"polygon","all_points_x":[138,146,192,194,198,229,256,274,311,325,336,304,298,272,249,245,205,199,194,194,202,198,200,135],"all_points_y":[96,78,52,73,87,136,156,177,205,215,247,282,272,274,253,228,230,219,219,212,200,191,183,94]},"region_attributes":{"name":"trash","type":"unknown","image_quality":{"good":true,"frontal":true,"good_illumination":true}}}],"file_attributes":{"caption":"","public_domain":"no","image_url":""}},"trash33.jpg18863":{"filename":"trash33.jpg","size":18863,"regions":[{"shape_attributes":{"name":"polygon","all_points_x":[95,178,231,367,389,506,470,473,434,431,408,398,354,343,290,206,155,101,92,77,72,59,52,56,68,94,98],"all_points_y":[324,305,290,236,241,195,124,126,44,33,40,36,54,51,62,93,112,137,134,136,171,192,239,257,292,321,323]},"region_attributes":{"name":"trash","type":"unknown","image_quality":{"good":true,"frontal":true,"good_illumination":true}}}],"file_attributes":{"caption":"","public_domain":"no","image_url":""}},"trash34.jpg14126":{"filename":"trash34.jpg","size":14126,"regions":[{"shape_attributes":{"name":"polygon","all_points_x":[181,184,129,132,138,149,159,178,198,212,222,239,244,329,346,366,383,386,380,359,321,282,218,192,188,193,181,181],"all_points_y":[266,254,176,147,124,105,93,77,68,61,60,59,59,102,100,112,111,124,143,179,223,264,311,317,303,289,276,264]},"region_attributes":{"name":"trash","type":"unknown","image_quality":{"good":true,"frontal":true,"good_illumination":true}}}],"file_attributes":{"caption":"","public_domain":"no","image_url":""}},"trash35.jpg11867":{"filename":"trash35.jpg","size":11867,"regions":[{"shape_attributes":{"name":"polygon","all_points_x":[160,167,184,206,268,298,334,358,370,395,398,406,410,408,402,389,363,346,320,305,290,274,254,240,213,194,184,172,161,157,162],"all_points_y":[177,206,242,257,284,284,275,259,250,216,207,186,164,148,121,97,67,56,44,42,37,38,42,46,60,75,93,109,133,165,184]},"region_attributes":{"name":"trash","type":"unknown","image_quality":{"good":true,"frontal":true,"good_illumination":true}}}],"file_attributes":{"caption":"","public_domain":"no","image_url":""}},"trash36.jpg20538":{"filename":"trash36.jpg","size":20538,"regions":[{"shape_attributes":{"name":"polygon","all_points_x":[117,136,180,218,315,403,469,481,480,445,413,372,345,371,383,403,414,426,421,414,404,379,350,325,315,305,218,191,132,118],"all_points_y":[165,202,280,341,278,316,336,289,280,278,273,258,263,237,196,168,157,151,141,133,118,77,48,33,28,50,92,112,146,163]},"region_attributes":{"name":"trash","type":"unknown","image_quality":{"good":true,"frontal":true,"good_illumination":true}}}],"file_attributes":{"caption":"","public_domain":"no","image_url":""}},"trash37.jpg14877":{"filename":"trash37.jpg","size":14877,"regions":[{"shape_attributes":{"name":"polygon","all_points_x":[123,98,107,117,138,150,155,157,154,155,155,140,141,138,138,156,174,187,202,212,218,336,346,351,362,366,376,410,425,433,434,440,451,453,414,394,382,382,358,323,298,249,218,199,201,200,184,157,138,126],"all_points_y":[292,260,244,229,206,201,204,193,187,162,141,106,68,46,34,24,8,8,4,0,3,1,57,132,128,119,119,120,141,155,165,172,180,193,231,237,252,263,292,300,302,314,302,291,303,308,315,320,292,294]},"region_attributes":{"name":"trash","type":"unknown","image_quality":{"good":true,"frontal":true,"good_illumination":true}}}],"file_attributes":{"caption":"","public_domain":"no","image_url":""}},"trash38.jpg12840":{"filename":"trash38.jpg","size":12840,"regions":[{"shape_attributes":{"name":"polygon","all_points_x":[209,219,226,235,240,243,295,308,328,350,366,371,362,354,354,350,320,274,222,209,209],"all_points_y":[263,228,194,136,85,68,84,87,84,87,93,129,185,280,301,308,303,296,275,268,259]},"region_attributes":{"name":"trash","type":"unknown","image_quality":{"good":true,"frontal":true,"good_illumination":true}}}],"file_attributes":{"caption":"","public_domain":"no","image_url":""}},"trash39.jpg15240":{"filename":"trash39.jpg","size":15240,"regions":[{"shape_attributes":{"name":"polygon","all_points_x":[159,198,231,271,309,330,382,380,377,378,382,370,344,310,262,226,168,144,156,157,158],"all_points_y":[292,289,287,285,276,276,286,268,230,162,90,95,114,126,128,120,110,115,203,235,291]},"region_attributes":{"name":"trash","type":"unknown","image_quality":{"good":true,"frontal":true,"good_illumination":true}}}],"file_attributes":{"caption":"","public_domain":"no","image_url":""}},"trash40.jpg13389":{"filename":"trash40.jpg","size":13389,"regions":[{"shape_attributes":{"name":"polygon","all_points_x":[125,146,142,158,182,203,228,235,282,305,316,365,387,402,410,360,321,307,302,273,261,147,124],"all_points_y":[180,210,212,232,264,287,277,260,321,310,299,266,247,232,220,172,116,89,93,75,91,165,180]},"region_attributes":{"name":"trash","type":"unknown","image_quality":{"good":true,"frontal":true,"good_illumination":true}}}],"file_attributes":{"caption":"","public_domain":"no","image_url":""}},"trash41.jpg14315":{"filename":"trash41.jpg","size":14315,"regions":[{"shape_attributes":{"name":"polygon","all_points_x":[123,131,146,211,235,270,290,350,369,330,310,326,339,289,240,229,214,181,150,122],"all_points_y":[201,211,231,284,308,332,310,237,212,176,163,156,126,94,59,76,94,143,182,200]},"region_attributes":{"name":"trash","type":"unknown","image_quality":{"good":true,"frontal":true,"good_illumination":true}}}],"file_attributes":{"caption":"","public_domain":"no","image_url":""}},"trash42.jpg15574":{"filename":"trash42.jpg","size":15574,"regions":[{"shape_attributes":{"name":"polygon","all_points_x":[214,213,218,199,175,183,167,122,109,98,95,91,96,94,99,108,131,138,146,170,175,180,187,198,205,214,413,407,413,407,414,406,414,405,411,404,410,419,420,407,398,415,429,465,459,476,491,500,210],"all_points_y":[376,381,355,347,348,364,372,352,328,308,286,268,249,240,227,197,168,156,135,127,127,91,64,23,16,0,0,18,28,41,48,59,72,80,96,111,138,143,200,201,228,248,266,296,327,340,365,384,381]},"region_attributes":{"name":"trash","type":"unknown","image_quality":{"good":true,"frontal":true,"good_illumination":true}}}],"file_attributes":{"caption":"","public_domain":"no","image_url":""}},"trash43.jpg10401":{"filename":"trash43.jpg","size":10401,"regions":[{"shape_attributes":{"name":"polygon","all_points_x":[143,166,174,238,278,299,314,322,337,344,347,342,353,352,301,227,170,166,163,154,151,144,146,140],"all_points_y":[228,244,235,266,264,254,256,251,254,244,223,222,214,206,188,160,136,144,158,182,197,208,220,232]},"region_attributes":{"name":"trash","type":"unknown","image_quality":{"good":true,"frontal":true,"good_illumination":true}}}],"file_attributes":{"caption":"","public_domain":"no","image_url":""}},"trash44.jpg10355":{"filename":"trash44.jpg","size":10355,"regions":[{"shape_attributes":{"name":"polygon","all_points_x":[167,210,236,268,294,289,282,292,308,334,357,374,370,354,283,278,265,258,242,193,178,162],"all_points_y":[275,310,290,258,192,174,162,168,173,144,113,84,77,73,76,146,177,197,196,240,258,275]},"region_attributes":{"name":"trash","type":"unknown","image_quality":{"good":true,"frontal":true,"good_illumination":true}}}],"file_attributes":{"caption":"","public_domain":"no","image_url":""}},"trash45.jpg17053":{"filename":"trash45.jpg","size":17053,"regions":[{"shape_attributes":{"name":"polygon","all_points_x":[142,168,190,222,240,254,278,345,400,435,438,425,420,416,394,370,345,358,355,331,306,298,302,288,288,284,266,250,234,232,206,187,181,167,140,130,115,129,146,150,122,113,118,151,174,223,263,236,198,144],"all_points_y":[314,349,376,344,294,256,244,213,176,174,166,156,139,122,105,86,121,155,162,160,174,178,195,156,124,110,100,93,87,77,76,81,81,88,101,109,124,158,164,184,184,188,233,232,224,213,226,239,253,316]},"region_attributes":{"name":"trash","type":"unknown","image_quality":{"good":true,"frontal":true,"good_illumination":true}}}],"file_attributes":{"caption":"","public_domain":"no","image_url":""}},"trash46.jpg20376":{"filename":"trash46.jpg","size":20376,"regions":[{"shape_attributes":{"name":"polygon","all_points_x":[368,387,464,464,438,426,447,451,450,450,407,389,349,333,330,320,310,302,276,260,235,209,162,139,129,84,78,83,86,86,50,3,0,31,39,61,68,51,80,101,123,147,176,182,196,215,226,360,370],"all_points_y":[377,305,167,145,127,120,95,69,60,48,64,53,83,103,116,112,125,110,106,106,116,126,94,92,91,64,56,49,12,7,13,20,197,244,268,280,284,319,339,351,346,352,362,352,370,376,384,384,364]},"region_attributes":{"name":"trash","type":"unknown","image_quality":{"good":true,"frontal":true,"good_illumination":true}}}],"file_attributes":{"caption":"","public_domain":"no","image_url":""}},"trash47.jpg23312":{"filename":"trash47.jpg","size":23312,"regions":[{"shape_attributes":{"name":"polygon","all_points_x":[110,255,360,385,381,346,341,353,299,254,218,149,147,139,114,91,102,111,109],"all_points_y":[363,349,341,332,296,63,44,24,13,5,0,0,24,80,114,169,216,247,366]},"region_attributes":{"name":"trash","type":"unknown","image_quality":{"good":true,"frontal":true,"good_illumination":true}}}],"file_attributes":{"caption":"","public_domain":"no","image_url":""}},"trash48.jpg9687":{"filename":"trash48.jpg","size":9687,"regions":[{"shape_attributes":{"name":"polygon","all_points_x":[209,238,266,298,342,346,358,351,336,326,310,284,305,294,277,267,254,230,232,217,196,196,211],"all_points_y":[272,290,295,309,279,252,227,145,128,108,84,72,79,72,88,90,118,154,165,190,226,252,275]},"region_attributes":{"name":"trash","type":"unknown","image_quality":{"good":true,"frontal":true,"good_illumination":true}}}],"file_attributes":{"caption":"","public_domain":"no","image_url":""}},"trash49.jpg11655":{"filename":"trash49.jpg","size":11655,"regions":[{"shape_attributes":{"name":"polygon","all_points_x":[155,174,192,192,191,224,251,263,258,274,286,291,297,304,319,366,377,388,401,419,427,418,421,402,371,354,330,314,303,310,278,273,240,221,215,202,203,191,196,182,168,155],"all_points_y":[124,155,176,196,206,287,345,349,356,364,340,344,330,336,309,267,244,246,228,232,213,182,179,152,131,125,112,108,105,94,60,56,74,64,69,68,76,84,95,100,112,124]},"region_attributes":{"name":"trash","type":"unknown","image_quality":{"good":true,"frontal":true,"good_illumination":true}}}],"file_attributes":{"caption":"","public_domain":"no","image_url":""}},"trash50.jpg13563":{"filename":"trash50.jpg","size":13563,"regions":[{"shape_attributes":{"name":"polygon","all_points_x":[179,180,186,211,231,250,314,421,432,432,417,390,365,341,334,324,245,234,176],"all_points_y":[250,287,310,342,360,356,325,292,293,276,247,195,159,122,128,140,200,212,251]},"region_attributes":{"name":"trash","type":"unknown","image_quality":{"good":true,"frontal":true,"good_illumination":true}}}],"file_attributes":{"caption":"","public_domain":"no","image_url":""}},"trash51.jpg12103":{"filename":"trash51.jpg","size":12103,"regions":[{"shape_attributes":{"name":"polygon","all_points_x":[236,263,270,281,285,298,300,310,326,334,339,346,358,306,281,278,271,263,258,262,249,246,246,234],"all_points_y":[341,354,324,305,282,255,272,264,242,196,151,117,80,62,60,88,100,153,168,199,200,321,332,344]},"region_attributes":{"name":"trash","type":"unknown","image_quality":{"good":true,"frontal":true,"good_illumination":true}}}],"file_attributes":{"caption":"","public_domain":"no","image_url":""}},"trash52.jpg21730":{"filename":"trash52.jpg","size":21730,"regions":[{"shape_attributes":{"name":"polygon","all_points_x":[27,35,44,53,63,68,205,274,432,510,510,489,470,458,438,409,290,106,50,25],"all_points_y":[232,271,294,338,332,367,314,290,228,200,144,104,79,65,66,77,126,197,220,236]},"region_attributes":{"name":"trash","type":"unknown","image_quality":{"good":true,"frontal":true,"good_illumination":true}}}],"file_attributes":{"caption":"","public_domain":"no","image_url":""}},"trash53.jpg13382":{"filename":"trash53.jpg","size":13382,"regions":[{"shape_attributes":{"name":"polygon","all_points_x":[87,110,124,167,194,282,294,281,242,230,218,194,167,142,114,89],"all_points_y":[253,276,289,328,296,196,181,171,140,131,148,148,163,196,224,253]},"region_attributes":{"name":"trash","type":"unknown","image_quality":{"good":true,"frontal":true,"good_illumination":true}}}],"file_attributes":{"caption":"","public_domain":"no","image_url":""}},"trash54.jpg13803":{"filename":"trash54.jpg","size":13803,"regions":[{"shape_attributes":{"name":"polygon","all_points_x":[24,170,306,432,511,510,483,348,325,226,210,181,153,146,96,92,81,86,32,0,2,24],"all_points_y":[336,316,281,254,239,149,144,24,4,3,40,82,85,88,82,101,117,148,200,200,288,337]},"region_attributes":{"name":"trash","type":"unknown","image_quality":{"good":true,"frontal":true,"good_illumination":true}}}],"file_attributes":{"caption":"","public_domain":"no","image_url":""}},"trash55.jpg8959":{"filename":"trash55.jpg","size":8959,"regions":[{"shape_attributes":{"name":"polygon","all_points_x":[225,278,305,312,334,338,375,377,368,374,363,359,353,346,340,312,300,296,282,266,261,253,242,239,231,214,214,199,192,194,188,197,208,209,229],"all_points_y":[186,198,207,230,248,256,244,230,217,202,192,168,132,117,112,119,115,106,104,99,92,84,72,68,74,80,89,108,117,136,151,160,171,179,187]},"region_attributes":{"name":"trash","type":"unknown","image_quality":{"good":true,"frontal":true,"good_illumination":true}}}],"file_attributes":{"caption":"","public_domain":"no","image_url":""}},"trash56.jpg13896":{"filename":"trash56.jpg","size":13896,"regions":[{"shape_attributes":{"name":"polygon","all_points_x":[90,125,166,178,178,194,202,221,324,390,390,387,390,377,354,338,211,214,240,245,176,174,165,153,159,158,140,120,103,103,88],"all_points_y":[280,296,300,304,325,347,366,376,359,337,280,232,164,134,19,23,4,16,57,72,105,126,142,173,207,219,235,250,259,277,280]},"region_attributes":{"name":"trash","type":"unknown","image_quality":{"good":true,"frontal":true,"good_illumination":true}}}],"file_attributes":{"caption":"","public_domain":"no","image_url":""}},"trash57.jpg14500":{"filename":"trash57.jpg","size":14500,"regions":[{"shape_attributes":{"name":"polygon","all_points_x":[86,114,149,204,216,254,286,326,330,299,278,262,259,262,251,274,302,325,342,363,360,355,297,251,210,179,163,142,85],"all_points_y":[197,227,252,308,319,283,248,206,194,184,169,145,131,125,106,128,148,151,148,148,122,110,97,100,66,100,129,142,196]},"region_attributes":{"name":"trash","type":"unknown","image_quality":{"good":true,"frontal":true,"good_illumination":true}}}],"file_attributes":{"caption":"","public_domain":"no","image_url":""}},"trash58.jpg21068":{"filename":"trash58.jpg","size":21068,"regions":[{"shape_attributes":{"name":"polygon","all_points_x":[69,68,170,186,188,181,159,168,181,174,153,153,174,510,511,478,438,368,366,378,373,348,326,322,338,371,408,69],"all_points_y":[380,340,222,208,193,184,158,139,128,89,82,44,1,3,312,292,305,288,276,255,218,240,280,320,337,370,384,381]},"region_attributes":{"name":"trash","type":"unknown","image_quality":{"good":true,"frontal":true,"good_illumination":true}}}],"file_attributes":{"caption":"","public_domain":"no","image_url":""}},"trash59.jpg12350":{"filename":"trash59.jpg","size":12350,"regions":[{"shape_attributes":{"name":"polygon","all_points_x":[158,165,89,106,116,190,215,222,279,319,344,346,343,354,335,337,349,338,304,278,242,219,220,199,160],"all_points_y":[240,157,148,119,87,31,12,35,87,132,140,157,168,319,310,331,354,379,348,301,304,298,279,272,240]},"region_attributes":{"name":"trash","type":"unknown","image_quality":{"good":true,"frontal":true,"good_illumination":true}}}],"file_attributes":{"caption":"","public_domain":"no","image_url":""}},"trash60.jpg15560":{"filename":"trash60.jpg","size":15560,"regions":[{"shape_attributes":{"name":"polygon","all_points_x":[134,146,226,245,274,302,326,348,324,319,234,151,130,134],"all_points_y":[233,202,42,39,42,48,59,82,289,296,273,248,240,232]},"region_attributes":{"name":"trash","type":"unknown","image_quality":{"good":true,"frontal":true,"good_illumination":true}}}],"file_attributes":{"caption":"","public_domain":"no","image_url":""}},"trash62.jpg12984":{"filename":"trash62.jpg","size":12984,"regions":[{"shape_attributes":{"name":"polygon","all_points_x":[167,174,170,170,211,286,326,324,322,166],"all_points_y":[281,211,112,104,113,115,104,172,296,285]},"region_attributes":{"name":"trash","type":"unknown","image_quality":{"good":true,"frontal":true,"good_illumination":true}}}],"file_attributes":{"caption":"","public_domain":"no","image_url":""}},"trash63.jpg16540":{"filename":"trash63.jpg","size":16540,"regions":[{"shape_attributes":{"name":"polygon","all_points_x":[113,127,257,299,400,451,426,348,254,248,295,314,328,266,234,228,186,126,110],"all_points_y":[183,162,16,64,144,180,206,303,256,264,301,324,340,372,296,276,246,198,182]},"region_attributes":{"name":"trash","type":"unknown","image_quality":{"good":true,"frontal":true,"good_illumination":true}}}],"file_attributes":{"caption":"","public_domain":"no","image_url":""}},"trash64.jpg11396":{"filename":"trash64.jpg","size":11396,"regions":[{"shape_attributes":{"name":"polygon","all_points_x":[415,370,349,337,310,326,243,238,249,267,294,310,306,293,315,342,414,412],"all_points_y":[271,206,182,162,123,58,26,49,103,155,153,139,154,176,266,316,277,266]},"region_attributes":{"name":"trash","type":"unknown","image_quality":{"good":true,"frontal":true,"good_illumination":true}}}],"file_attributes":{"caption":"","public_domain":"no","image_url":""}},"trash139.jpg14315":{"filename":"trash139.jpg","size":14315,"regions":[{"shape_attributes":{"name":"polygon","all_points_x":[2,56,70,70,78,0,1,1],"all_points_y":[163,144,140,156,178,177,166,162]},"region_attributes":{"name":"trash","type":"unknown","image_quality":{"good":true,"frontal":true,"good_illumination":true}}},{"shape_attributes":{"name":"polygon","all_points_x":[161,194,206,223,250,253,259,162],"all_points_y":[177,156,140,139,158,164,176,174]},"region_attributes":{"name":"trash","type":"unknown","image_quality":{"good":true,"frontal":true,"good_illumination":true}}},{"shape_attributes":{"name":"polygon","all_points_x":[131,145,156,166,178,182,202,205,188,166,131,126,130,122,115,125,132],"all_points_y":[134,136,141,151,110,101,37,28,14,6,6,20,28,82,121,125,133]},"region_attributes":{"name":"trash","type":"unknown","image_quality":{"good":true,"frontal":true,"good_illumination":true}}},{"shape_attributes":{"name":"polygon","all_points_x":[113,93,82,71,70,78,149,142,129],"all_points_y":[118,120,127,140,154,179,180,164,129]},"region_attributes":{"name":"trash","type":"unknown","image_quality":{"good":true,"frontal":true,"good_illumination":true}}},{"shape_attributes":{"name":"polygon","all_points_x":[278,272,254,247,215,196,179,176,186,195,206,227,237,261,270,277,277],"all_points_y":[88,75,64,64,86,98,107,132,152,152,139,140,143,116,108,93,84]},"region_attributes":{"name":"trash","type":"unknown","image_quality":{"good":true,"frontal":true,"good_illumination":true}}},{"shape_attributes":{"name":"polygon","all_points_x":[288,299,298,288,259,252,258,282,282,288],"all_points_y":[100,97,172,179,176,157,147,116,106,98]},"region_attributes":{"name":"trash","type":"unknown","image_quality":{"good":true,"frontal":true,"good_illumination":true}}}],"file_attributes":{"caption":"","public_domain":"no","image_url":""}},"trash140.jpg29361":{"filename":"trash140.jpg","size":29361,"regions":[{"shape_attributes":{"name":"polygon","all_points_x":[253,229,214,186,150,144,146,146,165,187,210,236,255],"all_points_y":[277,253,247,276,307,311,323,334,357,350,346,305,277]},"region_attributes":{"name":"trash","type":"unknown","image_quality":{"good":true,"frontal":true,"good_illumination":true}}},{"shape_attributes":{"name":"polygon","all_points_x":[54,73,86,94,107,117,126,122,110,69,46,43,52,54],"all_points_y":[340,352,351,344,318,298,287,268,248,241,260,283,293,343]},"region_attributes":{"name":"trash","type":"unknown","image_quality":{"good":true,"frontal":true,"good_illumination":true}}},{"shape_attributes":{"name":"polygon","all_points_x":[21,10,35,118,164,210,270,262,266,278,278,266,14],"all_points_y":[403,397,388,370,357,348,352,363,374,366,388,404,400]},"region_attributes":{"name":"trash","type":"unknown","image_quality":{"good":true,"frontal":true,"good_illumination":true}}},{"shape_attributes":{"name":"polygon","all_points_x":[72,64,47,35,34,51,93,105,106,137,145,139,116,95,80,71,70],"all_points_y":[196,184,172,166,156,144,121,120,129,179,188,192,203,202,192,200,191]},"region_attributes":{"name":"trash","type":"unknown","image_quality":{"good":true,"frontal":true,"good_illumination":true}}},{"shape_attributes":{"name":"polygon","all_points_x":[122,150,169,215,244,241,239,228,202,185,178,172,164,163,162,166,122,121],"all_points_y":[139,169,161,111,103,91,72,58,36,29,36,36,44,49,53,57,121,139]},"region_attributes":{"name":"trash","type":"unknown","image_quality":{"good":true,"frontal":true,"good_illumination":true}}},{"shape_attributes":{"name":"polygon","all_points_x":[126,142,147,144,130,126,142,166,179,186,194,184,155,138,123,103,74,62,59,62,78],"all_points_y":[270,261,249,228,198,192,194,191,188,212,242,256,268,277,272,244,242,241,227,212,194]},"region_attributes":{"name":"trash","type":"unknown","image_quality":{"good":true,"frontal":true,"good_illumination":true}}},{"shape_attributes":{"name":"polygon","all_points_x":[195,207,215,233,259,266,268,266,256,247,242,266,254,235,214,197,186,186,190,178,185,194],"all_points_y":[239,237,228,214,212,200,192,178,164,153,146,94,90,146,138,140,150,162,172,186,212,240]},"region_attributes":{"name":"trash","type":"unknown","image_quality":{"good":true,"frontal":true,"good_illumination":true}}}],"file_attributes":{"caption":"","public_domain":"no","image_url":""}}}
